code,name,description,language,category,category-name,category-description
110,I.1. Education,,en,110,,
111,"I.1.a. Education, level nnspecified",The codes in this category are to be used only when level of education is unspecified or unknown (e.g. training of primary school teachers should be coded under 11220).,en,111,,
112,I.1.b. Basic education,,en,112,,
113,I.1.c. Upper secondary education,,en,113,,
114,I.1.d. Post-secondary education,,en,114,,
120,I.2. Health,,en,120,,
121,"I.2.a. Health, general",,en,121,,
122,I.2.b. Basic health,,en,122,,
123,I.2.c. Non-communicable diseases (NCDs),,en,123,,
130,I.3. Population policies/programmes and reproductive health,,en,130,,
140,I.4. Water supply and sanitation,,en,140,,
150,I.5. Government and civil society,,en,150,,
151,"I.5.a. Government and civil society, general",N.B. Use code 51010 for general budget support.,en,151,,
152,"I.5.b. Conflict, peace and security","N.B. Further notes on ODA eligibility (and exclusions) of conflict, peace and security related activities are given in paragraphs 76-81 of the Directives.",en,152,,
160,I.6. Other social infrastructure and services,,en,160,,
210,II.1. Transport and storage,Note: Manufacturing of transport equipment should be included under code 32172.,en,210,,
220,II.2. Communications,,en,220,,
230,II.3. Energy,"Categories 231 through 235 include both electric power plants and combined heat and power (CHP) plants. Heat-only plants, whatever the type of fuel, are reportable under category 236. Activities relating to fuelwood/charcoal production, energy manufacturing and natural resources extraction (including oil and gas pipelines) are reportable under categories 312, 321 and 322 respectively.",en,230,,
231,II.3.a. Energy policy,,en,231,,
232,"II.3.b. Energy generation, renewable sources",,en,232,,
233,"II.3.c. Energy generation, non-renewable sources",,en,233,,
234,II.3.d. Hybrid energy plants,,en,234,,
235,II.3.e. Nuclear energy plants,,en,235,,
236,II.3.f. Energy distribution,,en,236,,
240,II.4. Banking and financial services,,en,240,,
250,II.5. Business and other services,,en,250,,
310,"III.1. Agriculture, forestry, fishing",,en,310,,
311,III.1.a. Agriculture,,en,311,,
312,III.1.b. Forestry,,en,312,,
313,III.1.c. Fishing,,en,313,,
320,"III.2. Industry, mining, construction",,en,320,,
321,III.2.a. Industry,,en,321,,
322,III.2.b. Mineral resources and mining,,en,322,,
323,III.2.c. Construction,,en,323,,
330,III.3.a. Trade Policies and Regulations,,en,330,,
331,III.3.a. Trade Policies and Regulations,,en,331,,
332,III.3.b. Tourism,,en,332,,
410,IV.1. General Environment Protection,"Covers activities concerned with conservation, protection or amelioration of the physical environment without sector allocation.",en,410,,
430,IV.2. Other Multisector,,en,430,,
510,VI.1. General Budget Support,Budget support in the form of sector-wide approaches (SWAps) should be included in the respective sectors.,en,510,,
520,VI.2. Development Food Assistance,,en,520,,
530,VI.3. Other Commodity Assistance,Non-food commodity assistance (when benefiting sector not specified).,en,530,,
600,VII. Action Relating to Debt,,en,600,,
720,VIII.1. Emergency Response,An emergency is a situation which results from man made crises and/or natural disasters.,en,720,,
730,VIII.2. Reconstruction and Rehabilitation,This relates to activities during and in the aftermath of an emergency situation.  Longer-term activities to improve the level of infrastructure or social services should be reported under the relevant economic and social sector codes. See also guideline on distinguishing humanitarian from sector-allocable aid.,en,730,,
740,VIII.3. Disaster Preparedness,See code 43060 for disaster risk reduction.,en,740,,
910,IX. Administrative Costs of Donors,,en,910,,
920,SUPPORT TO NON- GOVERNMENTAL ORGANISATIONS (NGOs),In the donor country.,en,,,
930,XI. Refugees/Asylum Seekers in Donor Countries,,en,930,,
998,XII. Unallocated / Unspecified,Contributions to general development of the recipient should be included under programme assistance (51010).,en,998,,
