Activity Standard Occurrence,Code,Organisation Standard Occurrence,,,
<a href=http://iatistandard.org/standard/activities#>Activity Dates</a>,<a href=http://iatistandard.org/codelists/activity_date_type>Activity Date Type</a>,,,,
<a href=http://iatistandard.org/standard/activities#>Activity Status</a>,<a href=http://iatistandard.org/codelists/activity_status>Activity Status</a>,,,,
<a href=http://iatistandard.org/standard/activities#>Geographical Location</a>,<a href=http://iatistandard.org/codelists/admin1>Admin1</a>,,,,
<a href=http://iatistandard.org/standard/activities#>Geographical Location</a>,<a href=http://iatistandard.org/codelists/admin2>Admin2</a>,,,,
"<a href=http://iatistandard.org/standard/activities#>Default Aid Type</a>, <a href=http://iatistandard.org/standard/activities#>Transaction Aid Type</a>",<a href=http://iatistandard.org/codelists/aid_type>Aid Type</a>,,,,
<a href=http://iatistandard.org/standard/activities#>Collaboration Type</a>,<a href=http://iatistandard.org/codelists/collaboration_type>Collaboration Type</a>,,,,
"<a href=http://iatistandard.org/standard/activities#>Metadata</a>, <a href=http://iatistandard.org/standard/activities#>Participating Organisation</a>, <a href=http://iatistandard.org/standard/activities#>Recipient Country</a>, <a href=http://iatistandard.org/standard/activities#>Geographical Location</a>",<a href=http://iatistandard.org/codelists/country>Country</a>,<a href=http://iatistandard.org/standard/organisation#metadata>Metadata</a>, Recipient Country</a>, Geographical Location</a>,<a href=http://iatistandard.org/codelists/country>Country</a>
Various,<a href=http://iatistandard.org/codelists/currency>Currency</a>,Various,,,
<a href=http://iatistandard.org/standard/activities#>Activity Description</a>,<a href=http://iatistandard.org/codelists/description_type>Description Type</a>,,,,
<a href=http://iatistandard.org/standard/activities#>Document Link</a>,<a href=http://iatistandard.org/codelists/document_content>Document Content Type</a>,<a href=http://iatistandard.org/standard/organisation#document>Document Link</a>,,,
"<a href=http://iatistandard.org/standard/activities#>Metadata</a>, <a href=http://iatistandard.org/standard/activities#>Document Link</a>",<a href=http://iatistandard.org/codelists/file_format>File Format</a>,"<a href=http://iatistandard.org/standard/organisation#metadata>Metadata</a>, <a href=http://iatistandard.org/standard/organisation#document>Document Link</a>",,,
"<a href=http://iatistandard.org/standard/activities#>Default Finance Type</a>, <a href=http://iatistandard.org/standard/activities#>Transaction Finance Type</a>",<a href=http://iatistandard.org/codelists/finance_type>Finance Type</a>,,,,
"<a href=http://iatistandard.org/standard/activities#>Default Flow Type</a>, <a href=http://iatistandard.org/standard/activities#>Transaction Flow Type</a>",<a href=http://iatistandard.org/codelists/flow_type>Flow Type</a>,,,,
<a href=http://iatistandard.org/standard/activities#>Geographical Location</a>,<a href=http://iatistandard.org/codelists/gazetteer_agency>Gazetteer Agency</a>,,,,
<a href=http://iatistandard.org/standard/activities#>Geographical Location</a>,<a href=http://iatistandard.org/codelists/geographical_precision>Geographical Precision</a>,,,,
Various,<a href=http://iatistandard.org/codelists/language>Language</a>,Various,,,
<a href=http://iatistandard.org/standard/activities#>Geographical Location</a>,<a href=http://iatistandard.org/codelists/location_type>Location Type</a>,,,,
"<a href=http://iatistandard.org/standard/activities#>Metadata</a>, <a href=http://iatistandard.org/standard/activities#> Reporting Organisation</a>, <a href=http://iatistandard.org/standard/activities#> Participating Organisation</a>, <a href=http://iatistandard.org/standard/activities#> Other Activity Identifiers</a>, <a href=http://iatistandard.org/standard/activities#> Transaction Provider</a>, <a href=http://iatistandard.org/standard/activities#> Transaction</a> Receiver~",<a href=http://iatistandard.org/codelists/organisation_identifier>Organisation Identifier</a>,<a href=http://iatistandard.org/standard/organisation#metadata>Metadata</a>,<a href=http://iatistandard.org/codelists/organisation_identifier>Organisation Identifier</a>,,
<a href=http://iatistandard.org/standard/activities#>Participating Organisation</a>,<a href=http://iatistandard.org/codelists/organisation_role>Organisation Role</a>,,,,
"<a href=http://iatistandard.org/standard/activities#>Metadata</a>, <a href=http://iatistandard.org/standard/activities#>Reporting Organisation</a>, <a href=http://iatistandard.org/standard/activities#>Participating Organisation</a>",<a href=http://iatistandard.org/codelists/organisation_type>Organisation Type</a>,<a href=http://iatistandard.org/standard/organisation#metadata>Metadata</a>,,,
<a href=http://iatistandard.org/standard/activities#>Policy/Thematic Markers</a>,<a href=http://iatistandard.org/codelists/policy_marker>Policy Marker</a>,,,,
<a href=http://iatistandard.org/standard/activities#>Policy/Thematic Markers</a>,<a href=http://iatistandard.org/codelists/policy_significance>Policy Significance</a>,,,,
<a href=http://iatistandard.org/standard/activities#>Metadata</a>,<a href=http://iatistandard.org/codelists/publisher_type>Publisher Type</a>,<a href=http://iatistandard.org/standard/organisation#metadata>Metadata</a>,,,
<a href=http://iatistandard.org/standard/activities#>Recipient Region</a>,<a href=http://iatistandard.org/codelists/region>Region</a>,,,,
<a href=http://iatistandard.org/standard/activities#>Related Activity</a>,<a href=http://iatistandard.org/codelists/related_activity_type>Related Activity Type</a>,,,,
<a href=http://iatistandard.org/standard/activities#>Sector</a>,<a href=http://iatistandard.org/codelists/sector>Sector</a>,,,,
"<a href=http://iatistandard.org/standard/activities#>Default Tied Aid Status</a>, <a href=http://iatistandard.org/standard/activities#>Transaction Tied Aid Status</a>",<a href=http://iatistandard.org/codelists/tied_status>Tied Status</a>,,,,
<a href=http://iatistandard.org/standard/activities#>Transaction Type</a>,<a href=http://iatistandard.org/codelists/transaction_type>Transaction Type</a>,,,,
<a href=http://iatistandard.org/standard/activities#>Metadata</a>,<a href=http://iatistandard.org/codelists/verification_status>Verification Status</a>,<a href=http://iatistandard.org/standard/organisation#metadata>Metadata</a>,,,
"<a href=http://iatistandard.org/standard/activities#>Sector</a>, <a href=http://iatistandard.org/standard/activities#>Policy/Thematic Markers</a>, ",<a href=http://iatistandard.org/codelists/vocabulary>Vocabulary</a>,,,,
