Code,Name,Description,
1,Bilateral  ,Bilateral transactions are those undertaken by a donor country directly with a developing country.  , 
2,Multilateral ,"Multilateral contributions are those made to a recipient institution which: i. conducts all or part of its activities in favour of development; ii. is an international agency, institution or organisation whose members are governments, or a fund managed autonomously by such an agency; and iii. pools contributions so that they lose their identity and become an integral part of its financial assets. ", 
4,Multilateral outflows ,Aid activities financed from the multilateral institutions' regular budgets. , 
5,Aid through NGOs ,"Aid through NGOs covers official funds made available to NGOs for use on behalf of the official sector, in connection with purposes designated by the official sector, or known to and approved by the official sector. ", 
6,Aid to NGOs ,Aid to NGOs covers official funds paid over to national and international non-governmental organisations for use at the latters� discretion. , 
7,Aid through PPPs ,"PPP are Public Private partnerships. Aid through PPPs covers official funds made available to PPPs for use on behalf of the official sector, in connection with purposes designated by the official sector, or known to and approved by the official sector. ",
