Code,Country,
AF  ,Afghanistan  , 
AL ,Albania , 
DZ ,Algeria , 
AO ,Angola , 
AI ,Anguilla , 
AG ,Antigua and Barbuda , 
AR ,Argentina , 
AM ,Armenia , 
AZ ,Azerbaijan , 
BD ,Bangladesh , 
BB ,Barbados , 
BY ,Belarus , 
BZ ,Belize , 
BJ ,Benin , 
BT ,Bhutan , 
BO ,Bolivia , 
BA ,Bosnia-Herzegovina , 
BW ,Botswana , 
BR ,Brazil , 
BF ,Burkina Faso , 
BI ,Burundi , 
KH ,Cambodia , 
CM ,Cameroon , 
CV ,Cape Verde , 
CF ,Central African Rep. , 
TD ,Chad , 
CL ,Chile , 
CN ,China , 
CO ,Colombia , 
KM ,Comoros , 
CD ,"Congo, Dem. Rep. ", 
CG ,"Congo, Rep. ", 
CK ,Cook Islands , 
CR ,Costa Rica , 
CI ,Cote d'Ivoire , 
HR ,Croatia , 
CU ,Cuba , 
DJ ,Djibouti , 
DM ,Dominica , 
DO ,Dominican Republic , 
EC ,Ecuador , 
EG ,Egypt , 
SV ,El Salvador , 
GQ ,Equatorial Guinea , 
ER ,Eritrea , 
ET ,Ethiopia , 
GA ,Gabon , 
GM ,Gambia , 
GE ,Georgia , 
GH ,Ghana , 
GD ,Grenada , 
GT ,Guatemala , 
GN ,Guinea , 
GW ,Guinea-Bissau , 
GY ,Guyana , 
HT ,Haiti , 
HN ,Honduras , 
IN ,India , 
ID ,Indonesia , 
IR ,Iran , 
IQ ,Iraq , 
JM ,Jamaica , 
JO ,Jordan , 
KZ ,Kazakhstan , 
KE ,Kenya , 
KI ,Kiribati , 
KP ,"Korea, Dem. Rep. ", 
KG ,Kyrgyz Republic , 
LA ,Laos , 
LB ,Lebanon , 
LS ,Lesotho , 
LR ,Liberia , 
LY ,Libya , 
MK ,Macedonia (FYR) , 
MG ,Madagascar , 
MW ,Malawi , 
MY ,Malaysia , 
MV ,Maldives , 
ML ,Mali , 
MH ,Marshall Islands , 
MR ,Mauritania , 
MU ,Mauritius , 
YT ,Mayotte , 
MX ,Mexico , 
FM ,"Micronesia, Fed. States ", 
MD ,Moldova , 
MN ,Mongolia , 
ME ,Montenegro , 
MS ,Montserrat , 
MA ,Morocco , 
MZ ,Mozambique , 
MM ,Myanmar , 
NA ,Namibia , 
NR ,Nauru , 
NP ,Nepal , 
NI ,Nicaragua , 
NE ,Niger , 
NG ,Nigeria , 
NU ,Niue , 
OM ,Oman , 
PK ,Pakistan , 
PW ,Palau , 
PS ,Palestinian Adm. Areas , 
PA ,Panama , 
PG ,Papua New Guinea , 
PY ,Paraguay , 
PE ,Peru , 
PH ,Philippines , 
RW ,Rwanda , 
WS ,Samoa , 
ST ,Sao Tome & Principe , 
SA ,Saudi Arabia , 
SN ,Senegal , 
RS ,Serbia , 
SC ,Seychelles , 
SL ,Sierra Leone , 
SB ,Solomon Islands , 
SO ,Somalia , 
ZA ,South Africa , 
LK ,Sri Lanka , 
SH ,St. Helena , 
KN ,St. Kitts-Nevis , 
LC ,St. Lucia , 
VC ,St.Vincent & Grenadines , 
SD ,Sudan , 
SR ,Suriname , 
SZ ,Swaziland , 
SY ,Syria , 
TJ ,Tajikistan , 
TZ ,Tanzania , 
TH ,Thailand , 
TL ,Timor-Leste , 
TG ,Togo , 
TK ,Tokelau , 
TO ,Tonga , 
TT ,Trinidad and Tobago , 
TN ,Tunisia , 
TR ,Turkey , 
TM ,Turkmenistan , 
TC ,Turks and Caicos Islands , 
TV ,Tuvalu , 
UG ,Uganda , 
UA ,Ukraine , 
UY ,Uruguay , 
UZ ,Uzbekistan , 
VU ,Vanuatu , 
VE ,Venezuela , 
VN ,Viet Nam , 
WF ,Wallis & Futuna , 
YE ,Yemen , 
ZM ,Zambia , 
ZW ,Zimbabwe ,
