Code,Description 
  ,100 - GRANT Transfers in cash or in kind for which no legal debt is incurred by the recipient. 
110,Aid grant excluding debt reorganisation 
111,Subsidies to national private investors 
  ,"200 - INTEREST SUBSIDY Subsidies to soften the terms of private export credits, or loans or credits by the banking sector. "
210,Interest subsidy grant in AF 
211,Interest subsidy to national private exporters 
  ,"300 - CAPITAL SUBSCRIPTION Payments to multilateral agencies in the form of notes and similar instruments, unconditionally cashable at sight by the recipient institutions. "
310,Deposit basis 
311,Encashment basis 
  ,400 - LOAN Transfers in cash or in kind for which the recipient incurs legal debt. 
410,Aid loan excluding debt reorganisation 
411,Investment-related loan to developing countries 
412,Loan in a joint venture with the recipient 
413,Loan to national private investor 
414,Loan to national private exporter 
  ,450 - EXPORT CREDIT Official or private loans which are primarily export-facilitating in purpose. They are usually tied to a specific export from the extending country and not represented by a negotiable instrument. 
451,Non-banks guaranteed export credits 
452,Non-banks non-guaranteed portions of guaranteed export credits 
453,Bank export credits 
  ,500 - EQUITY Investment in a country on the DAC List of ODA Recipients that is not made to acquire a lasting interest in an enterprise. 
510,Acquisition of equity as part of a joint venture with the recipient 
511,Acquisition of equity not part of joint venture in developing countries 
512,Other acquisition of equity. Investment in a country on the DAC List of ODA Recipients that is not made to acquire a lasting interest in an enterprise. 
600,"Debt relief. Debt cancellations, debt conversions, debt rescheduling within or outside the framework of the Paris Club. "
  ,700 - INVESTMENT Investment made by a private entity resident in a reporting country to acquire or add to a lasting interest(1) in an enterprise in a country on the DAC List of ODA Recipients. 
710,Foreign direct investment 
  ,800 - BONDS Acquisition of bonds issued by developing countries. 
810,Bank bonds 
811,Non-bank bonds 
  ,900 - OTHER SECURITIES/CLAIMS 
910,Other bank securities/claims 
911,Other non-bank securities/claims 
912,Securities and other instruments issued by multilateral agencies 
,"200 - INTEREST SUBSIDY. Subsidies to soften the terms of private export credits, or loans or credits by the banking sector. "
210,Interest subsidy grant in AF 
