Code,Name,Description
10,ODA  ,"Official development assistance (ODA) is defined as those flows to countries and territories on the DAC List of ODA recipients and to multilateral development institutions which are i. provided by official agencies, including state and local governments, or by their executing agencies; and ii. each transaction of which: a) is administered with the promotion of the economic development and welfare of developing countries as its main objective; and b) is concessional in character and conveys a grant element of at least 25% (calculated at a discount rate of 10 per cent).  "
20,OOF ,"Other official flows (OOF) are defined as transactions by the official sector with countries on the DAC List of ODA Recipients which do not meet the conditions for eligibility as official development assistance, either because they are not primarily aimed at development, or because they have a grant element of less than 25%. The main classes of transactions included are official export credits, official sector equity and portfolio investment, and debt reorganisation undertaken by the official sector at non-concessional terms (irrespective of the nature or the identity of the original creditor). "
30,PRIVATE NGO ,"Private non-profit-making agencies, including co-operative societies and trade unions, which are active in development and national in the sense that their funds are fully or mainly obtained from sources in the donor economy. "
35,PRIVATE MARKET ,The part of an economy whose activities are under the control and direction of nongovernmental economic units such as households or firms. 
