Code,Country,Abbrev,Name,,
,,  ,"UNITED NATIONS AGENCIES, FUNDS AND COMMISSIONS ",,
41101,  ,UNCCD ,Convention to Combat Desertification ,  , 
41102,  ,DLCO-EA ,Desert Locust Control Organisation for Eastern Africa ,  , 
41103,  ,ECA ,Economic Commission for Africa ,  , 
41104,  ,ECLAC ,Economic Commission for Latin America and the Caribbean ,  , 
41105,  ,ESCWA ,Economic and Social Commission for Western Asia ,  , 
41106,  ,ESCAP ,Economic and Social Commission for Asia and the Pacific ,  , 
41107,  ,IAEA-TCF ,International Atomic Energy Agency (Contributions to Technical Cooperation Fund Only) ,  , 
41108,  ,IFAD ,International Fund for Agricultural Development ,  , 
41109,  ,INSTRAW ,International Research and Training Institute for the Advancement of Women ,  , 
41110,  ,UNAIDS ,Joint United Nations Programme on HIV/AIDS ,  , 
41111,  ,UNCDF ,United Nations Capital Development Fund ,  , 
41112,  ,UNCTAD ,United Nations Conference on Trade and Development ,  , 
41114,  ,UNDP ,United Nations Development Programme ,  , 
41116,  ,UNEP ,United Nations Environment Programme ,  , 
41118,  ,UNFCCC ,United Nations Framework Convention on Climate Change ,  , 
41119,  ,UNFPA ,United Nations Population Fund ,  , 
41120,  ,UN Habitat ,United Nations Human Settlement Programme ,  , 
41121,  ,UNHCR ,United Nations Office of the United Nations High Commissioner for Refugees ,  , 
41122,  ,UNICEF ,United Nations Children�s Fund ,  , 
41123,  ,UNIDO ,United Nations Industrial Development Organisation ,  , 
41124,  ,UNIFEM ,United Nations Development Fund for Women ,  , 
41125,  ,UNITAR ,United Nations Institute for Training and Research ,  , 
41126,  ,UNMAS ,United Nations Mine Action Service ,  , 
41127,  ,UNOCHA ,United Nations Office of Co-ordination of Humanitarian Affairs ,  , 
41128,  ,UNODC ,United Nations Office on Drugs and Crime ,  , 
41129,  ,UNRISD ,United Nations Research Institute for Social Development ,  , 
41130,  ,UNRWA ,United Nations Relief and Works Agency for Palestine Refugees in the Near East ,  , 
41131,  ,UNSSC ,United Nations System Staff College ,  , 
41132,  ,UNSCN ,United Nations System Standing Committee on Nutrition ,  , 
41133,  ,UNSIA ,United Nations Special Initiative on Africa ,  , 
41134,  ,UNU ,United Nations University (including Endowment Fund) ,  , 
41135,  ,UNV ,United Nations Volunteers ,  , 
41136,  ,UNVFD ,United Nations Voluntary Fund on Disability ,  , 
41137,  ,UNVFTC ,United Nations Voluntary Fund for Technical Co-operation in the Field of Human Rights ,  , 
41138,  ,UNVFVT ,United Nations Voluntary Fund for Victims of Torture ,  , 
41140,  ,WFP ,World Food Programme ,  , 
41141,  ,PBF Window 2 ,United Nations Peacebuilding Fund (Window Two: Restricted Contributions Only) ,  , 
41142,  ,UNDEF ,United Nations Democracy Fund ,  , 
41143,  ,WHO-CVCA ,World Health Organisation - core voluntary contributions account ,  , 
,,  ,   OTHER UN (Core Contributions Reportable in Part) ,,
41301,  ,FAO ,Food and Agricultural Organisation ,  , 
41302,  ,ILO ,International Labour Organisation ,  , 
41303,  ,ITU ,International Telecommunications Union ,  , 
41304,  ,UNESCO ,"United Nations Educational, Scientific and Cultural Organisation ",  , 
41305,  ,UN ,United Nations ,  , 
41306,  ,UPU ,Universal Postal Union ,  , 
41307,  ,WHO-Assessed ,World Health Organisation - assessed contributions ,  , 
41308,  ,WIPO ,World Intellectual Property Organisation ,  , 
41309,  ,WMO ,World Meteorological Organisation ,  , 
41310,  ,UNDPKO ,"United Nations Department of Peacekeeping Operations (excluding UNTSO, UNMOGIP, UNFICYP, UNDOF) ",  , 
41311,  ,PBF Window 1 ,United Nations Peacebuilding Fund (Window One: Flexible Contributions Only) ,  , 
41312,  ,IAEA-Assessed ,International Atomic Energy Agency - assessed contributions ,  , 
41313,  ,OHCHR ,United Nations High Commissioner for Human Rights (extrabudgetary contributions only) ,  , 
41314,  ,UNECE ,United Nations Economic Commission for Europe (extrabudgetary contributions only) ,  , 
,,  ,   EUROPEAN UNION INSTITUTIONS ,,
42001,  ,EC ,European Commission - Development Share of Budget ,  , 
42003,  ,EDF ,European Commission - European Development Fund ,  , 
42004,  ,EIB ,European Investment Bank (interest subsidies only) ,  , 
42005,  ,FEMIP ,Facility for Euro-Mediterranean Investment and Partnership Trust Fund ,  , 
42006,  ,GEEREF ,Global Energy Efficiency and Renewable Energy Fund ,  , 
,,  ,   INTERNATIONAL MONETARY FUND ,,
43001,  ,IMF-PRGF Trust ,International Monetary Fund - Poverty Reduction and Growth Facility Trust ,  , 
43002,  ,IMF-PRGF-HIPC Trust ,"International Monetary Fund - Poverty Reduction and Growth Facility - Heavily Indebted Poor Countries Initiative Trust (includes HIPC, PRGF and PRGF-HIPC sub-accounts) ",  , 
43003,  ,IMF-ENDA ,International Monetary Fund - Subsidization of IMF Emergency Assistance for Natural Disasters ,  , 
,,  ,   WORLD BANK GROUP ,,
44001,  ,IBRD ,International Bank for Reconstruction and Development ,  , 
44002,  ,IDA ,International Development Association ,  , 
44003,  ,IDA-HIPC ,International Development Association - Heavily Indebted Poor Countries Debt Initiative Trust Fund ,  , 
44004,  ,IFC ,International Finance Corporation ,  , 
44005,  ,MIGA ,Multilateral Investment Guarantee Agency ,  , 
44006,  ,AMCs ,Advance Market Commitments ,  , 
44007,  ,IDA-MDRI ,International Development Association - Multilateral Debt Relief Initiative ,  , 
,,  ,   WORLD TRADE ORGANISATION ,,
45001,  ,WTO-ITC ,World Trade Organisation - International Trade Centre ,  , 
45002,  ,WTO-ACWL ,World Trade Organisation - Advisory Centre on WTO Law ,  , 
45003,  ,WTO-DDAGTF ,World Trade Organisation - Doha Development Agenda Global Trust Fund ,  , 
,,  ,   REGIONAL DEVELOPMENT BANKS ,,
46001,  ,ASF ,African Solidarity Fund ,  , 
46002,  ,Afr.DB ,African Development Bank ,  , 
46003,  ,Afr.DF ,African Development Fund ,  , 
46004,  ,AsDB ,Asian Development Bank ,  , 
46005,  ,AsDF ,Asian Development Fund ,  , 
46006,  ,BSTDB ,Black Sea Trade and Development Bank ,  , 
46007,  ,CABEI ,Central American Bank for Economic Integration ,  , 
46008,  ,CAF ,Andean Development Corporation ,  , 
46009,  ,CDB ,Caribbean Development Bank ,  , 
46012,  ,IDB ,"Inter-American Development Bank, Inter-American Investment Corporation and Multilateral Investment Fund ",  , 
46013,  ,IDB Sp.F. ,Inter-American Development Fund for Special Operations ,  , 
,,  ,   OTHER MULTILATERAL INSTITUTIONS ,,
47001,  ,ACBF ,African Capacity Building Foundation ,  , 
47002,  ,APO ,Asian Productivity Organisation ,  , 
47003,  ,ASEAN ,Association of South East Asian Nations: Economic Co-operation ,  , 
47004,  ,ASEAN (CF) ,ASEAN Cultural Fund ,  , 
47005,  ,AU ,African Union (excluding peacekeeping facilities) ,  , 
47008,  ,AVRDC ,World Vegetable Centre ,  , 
47009,  ,CAMES ,African and Malagasy Council for Higher Education ,  , 
47010,  ,CAPAM ,Commonwealth Agency for Public Administration and Management ,  , 
47011,  ,CARICOM ,Caribbean Community Secretariat ,  , 
47012,  ,CAREC ,Caribbean Epidemiology Centre ,  , 
47013,  ,CF ,Commonwealth Foundation ,  , 
47014,  ,CFTC ,Commonwealth Fund for Technical Co-operation ,  , 
47015,  ,CGIAR ,Consultative Group on International Agricultural Research ,  , 
47016,  ,CI ,Commonwealth Institute ,  , 
47017,  ,CIAT ,International Centre for Tropical Agriculture ,  , 
47018,  ,CIFOR ,Centre for International Forestry Research ,  , 
47019,  ,CIHEAM ,International Centre for Advanced Mediterranean Agronomic Studies ,  , 
47020,  ,CIMMYT ,International Maize and Wheat Improvement Centre ,  , 
47021,  ,CIP ,International Potato Centre ,  , 
47022,  ,CITES ,Convention on International Trade in Endangered Species of Wild Flora and Fauna ,  , 
47023,  ,CLAS ,Commonwealth Legal Advisory Service ,  , 
47024,  ,CMDF ,Commonwealth Media Development Fund ,  , 
47025,  ,COL ,Commonwealth of Learning ,  , 
47026,  ,CPLP ,Community of Portuguese Speaking Countries ,  , 
47027,  ,CP ,Colombo Plan ,  , 
47028,  ,CPTM ,Commonwealth Partnership for Technical Management ,  , 
47029,  ,SWAC ,Sahel and West Africa Club ,  , 
47030,  ,CSC ,Commonwealth Scientific Council ,  , 
47031,  ,CSSO ,Commonwealth Small States Office ,  , 
47032,  ,CTIAF ,Commonwealth Trade and Investment Access Facility ,  , 
47033,  ,CYP ,Commonwealth Youth Programme ,  , 
47034,  ,ECOWAS ,Economic Community of West African States ,  , 
47035,  ,ENDA ,Environmental Development Action in the Third World ,  , 
47036,  ,EPPO ,European and Mediterranean Plant Protection Organisation ,  , 
47037,  ,EROPA ,Eastern-Regional Organisation of Public Administration ,  , 
47038,  ,FASTPED ,INTERPOL Fund for Aid and Technical Assistance to Developing Countries ,  , 
47040,  ,FFA ,Forum Fisheries Agency ,  , 
47041,  ,FFTC ,Food and Fertilizer Technology Centre ,  , 
47042,  ,FIT ,Foundation for International Training ,  , 
47043,  ,  ,Global Crop Diversity Trust ,  , 
47044,  ,GEF ,Global Environment Facility ,  , 
47045,  ,Global Fund ,"Global Fund to Fight AIDS, Tuberculosis and Malaria ",  , 
47046,  ,OIF ,International Organisation of the Francophonic ,  , 
47047,  ,IAI ,International African Institute ,  , 
47048,  ,IAII ,Inter-American Indian Institute ,  , 
47049,  ,IBE ,International Bureau of Education - International Educational Reporting System (IERS) ,  , 
47050,  ,ICAC ,International Cotton Advisory Committee ,  , 
47051,  ,ICARDA ,International Centre for Agricultural Research in Dry Areas ,  , 
47053,  ,"ICDDR,B ",Centre for Health and Population Research ,  , 
47054,  ,ICIPE ,International Centre of Insect Physiology and Ecology ,  , 
47055,  ,ICRA ,International Centre for Development Oriented Research in Agriculture ,  , 
47056,  ,ICRAF ,World AgroForestry Centre ,  , 
47057,  ,ICRISAT ,International Crop Research for Semi-Arid Tropics ,  , 
47058,  ,IDEA ,International Institute for Democracy and Electoral Assistance ,  , 
47059,  ,IDLO ,International Development Law Organisation ,  , 
47060,  ,IIC ,International Institute for Cotton ,  , 
47061,  ,IICA ,Inter-American Institute for Co-operation on Agriculture ,  , 
47062,  ,IITA ,International Institute of Tropical Agriculture ,  , 
47063,  ,ILRI ,International Livestock Research Institute ,  , 
47064,  ,INBAR ,International Network for Bamboo and Rattan ,  , 
47065,  ,IOC ,Intergovernmental Oceanographic Commission ,  , 
47066,  ,IOM ,International Organisation for Migration ,  , 
47067,  ,IPCC ,Intergovernmental Panel on Climate Change ,  , 
47068,  ,APFIC ,Asia-Pacific Fishery Commission ,  , 
47069,  ,  ,Biodiversity International ,  , 
47070,  ,IRRI ,International Rice Research Institute ,  , 
47071,  ,ISTA ,International Seed Testing Association ,  , 
47073,  ,ITTO ,International Tropical Timber Organisation ,  , 
47074,  ,IVI ,International Vaccine Institute ,  , 
47075,  ,IWMI ,International Water Management Institute ,  , 
47076,  ,JSCA ,Justice Studies Centre of the Americas ,  , 
47077,  ,MRC ,Mekong River Commission ,  , 
47078,  ,Montreal Protocol ,Multilateral Fund for the Implementation of the Montreal Protocol ,  , 
47079,  ,OAS ,Organisation of American States ,  , 
47080,  ,OECD ,Organisation for Economic Co-operation and Development (Contributions to special funds for Technical Co-operation Activities Only) ,  , 
47081,  ,OECD-Dev. Centre ,OECD Development Centre ,  , 
47082,  ,OECS ,Organisation of Eastern Caribbean States ,  , 
47083,  ,PAHO ,Pan-American Health Organisation ,  , 
47084,  ,PAIGH ,Pan-American Institute of Geography and History ,  , 
47085,  ,PARCA ,Pan-American Railway Congress Association ,  , 
47086,  ,PIDG ,Private Infrastructure Development Group ,  , 
47087,  ,PIFS ,Pacific Islands Forum Secretariat ,  , 
47088,  ,RN ,Relief Net ,  , 
47089,  ,SADC ,Southern African Development Community ,  , 
47090,  ,SATCC ,Southern African Transport and Communications Commission ,  , 
47091,  ,SCAAP ,(Colombo Plan) Special Commonwealth African Assistance Programme ,  , 
47092,  ,SEAFDC ,South East Asian Fisheries Development Centre ,  , 
47093,  ,SEAMEO ,South East Asian Ministers of Education ,  , 
47094,  ,SOPAC ,South Pacific Applied Geoscience Commission ,  , 
47095,  ,SPBEA ,South Pacific Board for Educational Assessment ,  , 
47096,  ,SPC ,Secretariat of the Pacific Community ,  , 
47097,  ,SPREP ,Pacific Regional Environment Programme ,  , 
47098,  ,UNPO ,Unrepresented Nations and Peoples� Organisation ,  , 
47099,  ,USP ,University of the South Pacific ,  , 
47100,  ,WAMU ,West African Monetary Union ,  , 
47101,  ,WARDA ,Africa Rice Centre ,  , 
47102,  ,WCO-Fellowship Prog. ,World Customs Organisation Fellowship Programme ,  , 
47103,  ,WMU ,World Maritime University ,  , 
47104,  ,WorldFish Centre ,WorldFish Centre ,  , 
47105,  ,CFC ,Common Fund for Commodities ,  , 
47106,  ,DCAF ,Geneva Centre for the Democratic Control of Armed Forces ,  , 
47107,  ,IFFIm ,International Finance Facility for Immunisation ,  , 
47108,  ,MDRP ,Multi-Country Demobilisation and Reintegration Program ,  , 
47109,  ,APEC ASF ,Asia-Pacific Economic Cooperation Support Fund (except contributions tied to counter-terrorism activities) ,  , 
47110,  ,BSEC ,Organisation of the Black Sea Economic Cooperation ,  , 
47111,  ,  ,Adaptation Fund ,  , 
47112,  ,CEI-Climate Fund ,Central European Initiative - Special Fund for Climate and Environmental Protection ,  , 
47113,  ,CEMAC ,Economic and Monetary Community of Central Africa ,  , 
47116,  ,IF ,Integrated Framework for Trade-Related Technical Assistance to Least Developed Countries ,  , 
47117,  ,NEPAD ,New Partnership for Africa's Development ,  , 
47118,  ,CREFIAF ,Regional Organisation for the Strengthening of Supreme Audit Institutions of Francophone Sub-Saharan Countries ,  , 
47119,  ,OSS ,Sahara and Sahel Observatory ,  , 
47120,  ,SAARC ,South Asian Association for Regional Cooperation ,  , 
47121,  ,UCLGA ,United Cities and Local Governments of Africa ,  , 
47122,  ,GAVI ,Global Alliance for Vaccines and Immunization ,  , 
47123,  ,GICHD ,Geneva International Centre for Humanitarian Demining ,  , 
47125,  ,ETC ,European Bank for Reconstruction and Development - Early Transition Countries Initiative ,  , 
47126,  ,  ,European Bank for Reconstruction and Development - Western Balkans Trust Fund ,  , 
47127,  ,OLADE ,Latin-American Energy Organisation ,  , 
