code,name,description,category,url
1,GNI: Gross National Income,,0,
110,Standard grant,Grants are transfers in cash or in kind for which no legal debt is incurred by the recipient.,100,
1100,Guarantees/insurance,,1000,
1101,Individual loan guarantee,A guarantee on an individual standard loan,1000,
1102,Loan portfolio guarantee,"A guarantee covering a portfolio of standard loans administered by financial intermediaries, such as banks, microfinance institutions or collective investment vehicles.",1000,
1103,Individual mezzanine finance guarantee,A guarantee on an individual mezzanine finance investment (subordinated loans or preferred equities).,1000,
1104,Mezzanine finance portfolio guarantee,"A guarantee covering a portfolio of mezzanine finance investments (subordinated loans or preferred equities) administered by financial intermediaries, such as banks, microfinance institutions or collective investment vehicles.",1000,
1105,Individual equity finance guarantee,A guarantee covering an equity investment.,1000,
1106,Equity portfolio guarantee,"A guarantee covering a portfolio of equity investments administered by financial intermediaries, such as banks, microfinance institutions or collective investment vehicles.",1000,
1107,First-loss guarantee,"A guarantee specifically designed to absorb the very first loss on one or more investments, such as in the context of collective investment vehicles. Please use other codes for guarantees that are not specifically designed to absorb the very first loss.",1000,
1108,Other guarantees,"Other guarantees, such as volume guarantees, payment guarantees etc.",1000,
111,Subsidies to national private investors,,100,
2,ODA % GNI,,0,
200,INTEREST SUBSIDY,"Subsidies to soften the terms of private export credits, or loans or credits by the banking sector.",,
210,Interest subsidy,"A payment to soften the terms of private export credits, or loans or credits by the banking sector.",100,
2100,Direct provider spending,,2000,
211,Interest subsidy to national private exporters,,100,
3,Total Flows % GNI,,0,
300,CAPITAL SUBSCRIPTION,"Payments to multilateral agencies in the form of notes and similar instruments, unconditionally cashable at sight by the recipient institutions.",,
310,Capital subscription on deposit basis,"Payments to multilateral agencies in the form of notes and similar instruments, unconditionally encashable at sight by the recipient institutions.",100,
3100,Subsidies and similar transfers,"This category includes subsidies and social benefits to households as defined in the System of National Accounts (SNA). Subsidies are unrequited payments that government units, including non-resident government units, make to enterprises on the basis of the levels of their production activities or the quantities or values of the goods or services which they produce, sell or import. Subsidies prohibited by the WTO are not reportable in TOSSD. Social benefits to households are current transfers received by households that are intended to provide for the needs that arise from certain events or circumstances, for example housing. Subsidies and similar transfers can be used by governments to promote sustainable development objectives, for example by supporting research activities carried out by pharmaceutical firms or efforts by households to improve the energy efficiency of their housing. According to the United Nations System of Environmental-Economic Accounting (SEEA), an environmental subsidy or similar transfer is a transfer intended to support activities that protect the environment or reduce the use and extraction of natural resources.",3000,
311,Capital subscription on encashment basis,"Payments to multilateral agencies in the form of notes and similar instruments, unconditionally encashable at sight by the recipient institutions.",100,
4,Population,,0,
400,LOAN,Transfers in cash or in kind for which the recipient incurs legal debt.,,
410,Aid loan excluding debt reorganisation,,400,
411,Investment-related loan to developing countries,,400,
412,Loan in a joint venture with the recipient,,400,
413,Loan to national private investor,,400,
414,Loan to national private exporter,,400,
421,Standard loan,"Transfers in cash or in kind for which the recipient incurs legal debt (and the resulting claim is not intended to be traded). Since payment obligations on standard loan are senior obligations, i.e. creditors are entitled to receive payments against their claims before anyone else, they are also referred to as senior loans.",420,
422,Reimbursable grant,"A contribution provided to a recipient institution for investment purposes, with the expectation of long-term reflows at conditions specified in the financing agreement. The provider assumes the risk of total or partial failure of the investment; it can also decide if and when to reclaim its investment.",420,
4221,Loan-type reimbursable grant,"A contribution provided to a recipient institution for investment purposes, for which the conditions - including a concrete repayment schedule – are specified in the financing agreement.",420,
4222,Reflow-based reimbursable grant,"A contribution provided to a recipient institution for investment purposes, for which the details on reflows are unknown at the time of investment as they depend on the performance of the underlying investments.",420,
423,Bonds,"Fixed-interest debt instruments, issued by governments, public utilities, banks or companies, tradable in financial markets.",420,
424,Asset-backed securities,Securities whose value and income payments are derived from and backed by a specific pool of underlying assets.,420,
425,Other debt securities,,420,
431,Subordinated loan,"A loan that, in the event of default, will only be repaid after all senior obligations have been satisfied. In compensation for the increased risk, mezzanine debt holders require a higher return for their investment than secured or more senior lenders.",430,
432,Preferred equity,"Equity that, in the event of default, will be repaid after all senior obligations and subordinated loans have been satisfied; and will be paid before common equity holders. It is a more expensive source of finance than senior debt, a less expensive source than equity.",430,
433,Other hybrid instruments,Including convertible debt or equity.,430,
434,Multilateral hybrid capital,Hybrid capital instruments issued by multilateral institutions,430,
451,Non-banks guaranteed export credits,,450,
452,Non-banks non-guaranteed portions of guaranteed export credits,,400,
453,Bank export credits,,400,
510,Common equity,A share in the ownership of a corporation that gives the owner claims on the residual value of the corporation after creditors’ claims have been met.,500,
511,Acquisition of equity not part of joint venture in developing countries,,500,
512,Other acquisition of equity,,500,
520,Shares in collective investment vehicles,Collective undertakings through which investors pool funds for investment in financial or nonfinancial assets or both. These vehicles issue shares (if a corporate structure is used) or units (if a trust structure is used).,500,
530,Reinvested earnings,This item is only applicable to Foreign Direct Investment (FDI). Reinvested earnings on FDI consist of the retained earnings of a direct foreign investment enterprise which are treated as if they were distributed and remitted to foreign direct investors in proportion to their ownership of the equity of the enterprise and then reinvested by them in the enterprise.,500,
610,Debt forgiveness: ODA claims (P),,600,
611,Debt forgiveness: ODA claims (I),,600,
612,Debt forgiveness: OOF claims (P),,600,
613,Debt forgiveness: OOF claims (I),,600,
614,Debt forgiveness: Private claims (P),,600,
615,Debt forgiveness: Private claims (I),,600,
616,Debt forgiveness: OOF claims (DSR),,600,
617,Debt forgiveness: Private claims (DSR),,600,
618,Debt forgiveness: Other,,600,
620,Debt rescheduling: ODA claims (P),,600,
621,Debt rescheduling: ODA claims (I),,600,
622,Debt rescheduling: OOF claims (P),,600,
623,Debt rescheduling: OOF claims (I),,600,
624,Debt rescheduling: Private claims (P),,600,
625,Debt rescheduling: Private claims (I),,600,
626,Debt rescheduling: OOF claims (DSR),,600,
627,Debt rescheduling: Private claims (DSR),,600,
630,Debt rescheduling: OOF claim (DSR – original loan principal),,600,
631,Debt rescheduling: OOF claim (DSR – original loan interest),,600,
632,Debt rescheduling: Private claim (DSR – original loan principal),,600,
633,Debt forgiveness/conversion: export credit claims (P),,600,
634,Debt forgiveness/conversion: export credit claims (I),,600,
635,Debt forgiveness: export credit claims (DSR),,600,
636,Debt rescheduling: export credit claims (P),,600,
637,Debt rescheduling: export credit claims (I),,600,
638,Debt rescheduling: export credit claims (DSR),,600,
639,Debt rescheduling: export credit claim (DSR – original loan principal),,600,
700,INVESTMENT,Investment made by a private entity resident in a reporting country to acquire or add to a lasting interest(1) in an enterprise in a country on the DAC List of ODA Recipients.,,
710,"Foreign direct investment, new capital outflow (includes reinvested earnings if separate identification not available)",,700,
711,"Other foreign direct investment, including reinvested earnings",,700,
712,"Foreign direct investment, reinvested earnings",,700,
800,BONDS,Acquisition of bonds issued by developing countries.,,
810,Bank bonds,,800,
811,Non-bank bonds,,800,
900,OTHER SECURITIES/CLAIMS,,,
910,Other bank securities/claims,,900,
911,Other non-bank securities/claims,,900,
912,Purchase of securities from issuing agencies,,900,
913,Securities and other instruments originally issued by multilateral agencies,,900,
